transcript,cds_len_nt,n_codons,codon_index,nt_index,frac_position,codons_to_end,stop_codon,recoding,BWM_day0_rep2_reads,BWM_day0_rep3_reads,BWM_day10_rep2_reads,BWM_day10_rep3_reads,BWM_day5_rep2_reads,BWM_day5_rep3_reads,control_day0_rep2_reads,control_day0_rep3_reads,control_day10_rep2_reads,control_day10_rep3_reads,control_day5_rep2_reads,control_day5_rep3_reads,total_reads
MTCE.23.1|cdna|chromosome:WBcel235:MtDNA:5678:6449:1|gene:WBGene00010962.1|gene_biotype:protein_coding|transcript_biotype:protein_coding|gene_symbol:ctc-3,765,255,242,726,0.949,12,TGA,Sec (selenocysteine),0.0,1.0,19.0,0.0,9.0,0.0,1.0,5.0,1.0,1.0,13.0,0.0,50.0
MTCE.26.1|cdna|chromosome:WBcel235:MtDNA:7827:9428:1|gene:WBGene00010964.1|gene_biotype:protein_coding|transcript_biotype:protein_coding|gene_symbol:ctc-1,1575,525,294,882,0.56,230,TGA,Sec (selenocysteine),0.0,1.0,13.0,2.0,7.0,3.0,2.0,1.0,0.0,0.0,18.0,1.0,48.0
MTCE.21.1|cdna|chromosome:WBcel235:MtDNA:4504:5621:1|gene:WBGene00000829.1|gene_biotype:protein_coding|transcript_biotype:protein_coding|gene_symbol:ctb-1,1110,370,27,81,0.073,342,TGA,Sec (selenocysteine),0.0,0.0,4.0,1.0,2.0,3.0,2.0,4.0,0.0,0.0,6.0,0.0,22.0
MTCE.26.1|cdna|chromosome:WBcel235:MtDNA:7827:9428:1|gene:WBGene00010964.1|gene_biotype:protein_coding|transcript_biotype:protein_coding|gene_symbol:ctc-1,1575,525,88,264,0.1676,436,TGA,Sec (selenocysteine),1.0,1.0,4.0,0.0,2.0,0.0,0.0,1.0,0.0,1.0,6.0,1.0,17.0
MTCE.23.1|cdna|chromosome:WBcel235:MtDNA:5678:6449:1|gene:WBGene00010962.1|gene_biotype:protein_coding|transcript_biotype:protein_coding|gene_symbol:ctc-3,765,255,111,333,0.4353,143,TGA,Sec (selenocysteine),0.0,1.0,3.0,1.0,2.0,2.0,0.0,1.0,0.0,0.0,6.0,0.0,16.0
MTCE.26.1|cdna|chromosome:WBcel235:MtDNA:7827:9428:1|gene:WBGene00010964.1|gene_biotype:protein_coding|transcript_biotype:protein_coding|gene_symbol:ctc-1,1575,525,133,399,0.2533,391,TGA,Sec (selenocysteine),0.0,2.0,0.0,0.0,1.0,4.0,0.0,1.0,1.0,0.0,5.0,1.0,15.0
MTCE.12.1|cdna|chromosome:WBcel235:MtDNA:2634:3235:1|gene:WBGene00010960.1|gene_biotype:protein_coding|transcript_biotype:protein_coding|gene_symbol:atp-6,597,199,91,273,0.4573,107,TGA,Sec (selenocysteine),1.0,1.0,1.0,0.0,1.0,1.0,1.0,4.0,0.0,1.0,2.0,1.0,14.0
MTCE.12.1|cdna|chromosome:WBcel235:MtDNA:2634:3235:1|gene:WBGene00010960.1|gene_biotype:protein_coding|transcript_biotype:protein_coding|gene_symbol:atp-6,597,199,168,504,0.8442,30,TGA,Sec (selenocysteine),0.0,1.0,0.0,1.0,0.0,3.0,0.0,8.0,0.0,0.0,1.0,0.0,14.0
MTCE.21.1|cdna|chromosome:WBcel235:MtDNA:4504:5621:1|gene:WBGene00000829.1|gene_biotype:protein_coding|transcript_biotype:protein_coding|gene_symbol:ctb-1,1110,370,231,693,0.6243,138,TGA,Sec (selenocysteine),0.0,1.0,0.0,1.0,0.0,0.0,1.0,6.0,0.0,4.0,1.0,0.0,14.0
MTCE.26.1|cdna|chromosome:WBcel235:MtDNA:7827:9428:1|gene:WBGene00010964.1|gene_biotype:protein_coding|transcript_biotype:protein_coding|gene_symbol:ctc-1,1575,525,242,726,0.461,282,TGA,Sec (selenocysteine),0.0,1.0,3.0,0.0,3.0,0.0,0.0,1.0,1.0,1.0,2.0,1.0,13.0
MTCE.21.1|cdna|chromosome:WBcel235:MtDNA:4504:5621:1|gene:WBGene00000829.1|gene_biotype:protein_coding|transcript_biotype:protein_coding|gene_symbol:ctb-1,1110,370,161,483,0.4351,208,TGA,Sec (selenocysteine),0.0,0.0,1.0,0.0,0.0,0.0,0.0,4.0,0.0,0.0,3.0,1.0,9.0
MTCE.26.1|cdna|chromosome:WBcel235:MtDNA:7827:9428:1|gene:WBGene00010964.1|gene_biotype:protein_coding|transcript_biotype:protein_coding|gene_symbol:ctc-1,1575,525,329,987,0.6267,195,TGA,Sec (selenocysteine),0.0,0.0,2.0,2.0,3.0,0.0,0.0,1.0,0.0,1.0,0.0,0.0,9.0
MTCE.26.1|cdna|chromosome:WBcel235:MtDNA:7827:9428:1|gene:WBGene00010964.1|gene_biotype:protein_coding|transcript_biotype:protein_coding|gene_symbol:ctc-1,1575,525,402,1206,0.7657,122,TGA,Sec (selenocysteine),0.0,1.0,0.0,2.0,0.0,2.0,0.0,0.0,1.0,0.0,3.0,0.0,9.0
MTCE.31.1|cdna|chromosome:WBcel235:MtDNA:9649:10348:1|gene:WBGene00010965.1|gene_biotype:protein_coding|transcript_biotype:protein_coding|gene_symbol:ctc-2,693,231,106,318,0.4589,124,TGA,Sec (selenocysteine),0.0,2.0,2.0,0.0,2.0,0.0,0.0,1.0,0.0,1.0,1.0,0.0,9.0
MTCE.21.1|cdna|chromosome:WBcel235:MtDNA:4504:5621:1|gene:WBGene00000829.1|gene_biotype:protein_coding|transcript_biotype:protein_coding|gene_symbol:ctb-1,1110,370,159,477,0.4297,210,TGA,Sec (selenocysteine),0.0,0.0,0.0,0.0,0.0,0.0,1.0,2.0,2.0,1.0,1.0,1.0,8.0
MTCE.21.1|cdna|chromosome:WBcel235:MtDNA:4504:5621:1|gene:WBGene00000829.1|gene_biotype:protein_coding|transcript_biotype:protein_coding|gene_symbol:ctb-1,1110,370,267,801,0.7216,102,TGA,Sec (selenocysteine),0.0,1.0,0.0,0.0,1.0,0.0,0.0,4.0,0.0,0.0,1.0,0.0,7.0
MTCE.26.1|cdna|chromosome:WBcel235:MtDNA:7827:9428:1|gene:WBGene00010964.1|gene_biotype:protein_coding|transcript_biotype:protein_coding|gene_symbol:ctc-1,1575,525,346,1038,0.659,178,TGA,Sec (selenocysteine),0.0,1.0,2.0,1.0,1.0,0.0,0.0,0.0,0.0,0.0,2.0,0.0,7.0
MTCE.21.1|cdna|chromosome:WBcel235:MtDNA:4504:5621:1|gene:WBGene00000829.1|gene_biotype:protein_coding|transcript_biotype:protein_coding|gene_symbol:ctb-1,1110,370,109,327,0.2946,260,TGA,Sec (selenocysteine),0.0,0.0,2.0,0.0,2.0,1.0,0.0,1.0,0.0,0.0,0.0,0.0,6.0
MTCE.23.1|cdna|chromosome:WBcel235:MtDNA:5678:6449:1|gene:WBGene00010962.1|gene_biotype:protein_coding|transcript_biotype:protein_coding|gene_symbol:ctc-3,765,255,53,159,0.2078,201,TGA,Sec (selenocysteine),0.0,1.0,1.0,0.0,1.0,0.0,0.0,1.0,0.0,0.0,2.0,0.0,6.0
MTCE.25.1|cdna|chromosome:WBcel235:MtDNA:6506:7808:1|gene:WBGene00010963.1|gene_biotype:protein_coding|transcript_biotype:protein_coding|gene_symbol:nduo-4,1227,409,221,663,0.5403,187,TGA,Sec (selenocysteine),0.0,0.0,0.0,0.0,1.0,0.0,0.0,3.0,0.0,0.0,2.0,0.0,6.0
MTCE.26.1|cdna|chromosome:WBcel235:MtDNA:7827:9428:1|gene:WBGene00010964.1|gene_biotype:protein_coding|transcript_biotype:protein_coding|gene_symbol:ctc-1,1575,525,403,1209,0.7676,121,TGA,Sec (selenocysteine),1.0,0.0,0.0,0.0,1.0,0.0,0.0,2.0,0.0,2.0,0.0,0.0,6.0
MTCE.31.1|cdna|chromosome:WBcel235:MtDNA:9649:10348:1|gene:WBGene00010965.1|gene_biotype:protein_coding|transcript_biotype:protein_coding|gene_symbol:ctc-2,693,231,22,66,0.0952,208,TGA,Sec (selenocysteine),0.0,3.0,1.0,0.0,1.0,0.0,0.0,1.0,0.0,0.0,0.0,0.0,6.0
MTCE.21.1|cdna|chromosome:WBcel235:MtDNA:4504:5621:1|gene:WBGene00000829.1|gene_biotype:protein_coding|transcript_biotype:protein_coding|gene_symbol:ctb-1,1110,370,73,219,0.1973,296,TGA,Sec (selenocysteine),0.0,0.0,0.0,0.0,0.0,1.0,0.0,1.0,0.0,0.0,2.0,1.0,5.0
MTCE.26.1|cdna|chromosome:WBcel235:MtDNA:7827:9428:1|gene:WBGene00010964.1|gene_biotype:protein_coding|transcript_biotype:protein_coding|gene_symbol:ctc-1,1575,525,192,576,0.3657,332,TGA,Sec (selenocysteine),1.0,0.0,0.0,0.0,0.0,0.0,0.0,1.0,1.0,0.0,2.0,0.0,5.0
MTCE.16.1|cdna|chromosome:WBcel235:MtDNA:3389:4269:1|gene:WBGene00010961.1|gene_biotype:protein_coding|transcript_biotype:protein_coding|gene_symbol:nduo-2,846,282,24,72,0.0851,257,TGA,Sec (selenocysteine),0.0,1.0,1.0,0.0,0.0,1.0,0.0,1.0,0.0,0.0,0.0,0.0,4.0
MTCE.16.1|cdna|chromosome:WBcel235:MtDNA:3389:4269:1|gene:WBGene00010961.1|gene_biotype:protein_coding|transcript_biotype:protein_coding|gene_symbol:nduo-2,846,282,249,747,0.883,32,TGA,Sec (selenocysteine),0.0,1.0,3.0,0.0,0.0,0.0,0.0,0.0,0.0,0.0,0.0,0.0,4.0
MTCE.21.1|cdna|chromosome:WBcel235:MtDNA:4504:5621:1|gene:WBGene00000829.1|gene_biotype:protein_coding|transcript_biotype:protein_coding|gene_symbol:ctb-1,1110,370,329,987,0.8892,40,TGA,Sec (selenocysteine),0.0,1.0,0.0,0.0,2.0,0.0,0.0,1.0,0.0,0.0,0.0,0.0,4.0
MTCE.23.1|cdna|chromosome:WBcel235:MtDNA:5678:6449:1|gene:WBGene00010962.1|gene_biotype:protein_coding|transcript_biotype:protein_coding|gene_symbol:ctc-3,765,255,141,423,0.5529,113,TGA,Sec (selenocysteine),1.0,1.0,1.0,1.0,0.0,0.0,0.0,0.0,0.0,0.0,0.0,0.0,4.0
MTCE.31.1|cdna|chromosome:WBcel235:MtDNA:9649:10348:1|gene:WBGene00010965.1|gene_biotype:protein_coding|transcript_biotype:protein_coding|gene_symbol:ctc-2,693,231,108,324,0.4675,122,TGA,Sec (selenocysteine),0.0,1.0,0.0,0.0,1.0,0.0,0.0,0.0,0.0,0.0,0.0,2.0,4.0
MTCE.21.1|cdna|chromosome:WBcel235:MtDNA:4504:5621:1|gene:WBGene00000829.1|gene_biotype:protein_coding|transcript_biotype:protein_coding|gene_symbol:ctb-1,1110,370,137,411,0.3703,232,TGA,Sec (selenocysteine),0.0,0.0,0.0,0.0,0.0,1.0,0.0,1.0,0.0,0.0,0.0,1.0,3.0
MTCE.23.1|cdna|chromosome:WBcel235:MtDNA:5678:6449:1|gene:WBGene00010962.1|gene_biotype:protein_coding|transcript_biotype:protein_coding|gene_symbol:ctc-3,765,255,235,705,0.9216,19,TGA,Sec (selenocysteine),0.0,1.0,0.0,1.0,0.0,0.0,0.0,0.0,0.0,0.0,0.0,1.0,3.0
MTCE.16.1|cdna|chromosome:WBcel235:MtDNA:3389:4269:1|gene:WBGene00010961.1|gene_biotype:protein_coding|transcript_biotype:protein_coding|gene_symbol:nduo-2,846,282,25,75,0.0887,256,TGA,Sec (selenocysteine),0.0,0.0,0.0,0.0,0.0,0.0,0.0,1.0,0.0,0.0,1.0,0.0,2.0
MTCE.16.1|cdna|chromosome:WBcel235:MtDNA:3389:4269:1|gene:WBGene00010961.1|gene_biotype:protein_coding|transcript_biotype:protein_coding|gene_symbol:nduo-2,846,282,87,261,0.3085,194,TGA,Sec (selenocysteine),0.0,1.0,0.0,0.0,0.0,1.0,0.0,0.0,0.0,0.0,0.0,0.0,2.0
MTCE.16.1|cdna|chromosome:WBcel235:MtDNA:3389:4269:1|gene:WBGene00010961.1|gene_biotype:protein_coding|transcript_biotype:protein_coding|gene_symbol:nduo-2,846,282,199,597,0.7057,82,TGA,Sec (selenocysteine),0.0,0.0,0.0,0.0,0.0,0.0,0.0,1.0,0.0,0.0,0.0,0.0,1.0
MTCE.21.1|cdna|chromosome:WBcel235:MtDNA:4504:5621:1|gene:WBGene00000829.1|gene_biotype:protein_coding|transcript_biotype:protein_coding|gene_symbol:ctb-1,1110,370,131,393,0.3541,238,TGA,Sec (selenocysteine),0.0,0.0,0.0,0.0,0.0,0.0,0.0,1.0,0.0,0.0,0.0,0.0,1.0
MTCE.21.1|cdna|chromosome:WBcel235:MtDNA:4504:5621:1|gene:WBGene00000829.1|gene_biotype:protein_coding|transcript_biotype:protein_coding|gene_symbol:ctb-1,1110,370,152,456,0.4108,217,TGA,Sec (selenocysteine),0.0,1.0,0.0,0.0,0.0,0.0,0.0,0.0,0.0,0.0,0.0,0.0,1.0
MTCE.21.1|cdna|chromosome:WBcel235:MtDNA:4504:5621:1|gene:WBGene00000829.1|gene_biotype:protein_coding|transcript_biotype:protein_coding|gene_symbol:ctb-1,1110,370,183,549,0.4946,186,TGA,Sec (selenocysteine),0.0,0.0,0.0,0.0,0.0,0.0,0.0,1.0,0.0,0.0,0.0,0.0,1.0
MTCE.25.1|cdna|chromosome:WBcel235:MtDNA:6506:7808:1|gene:WBGene00010963.1|gene_biotype:protein_coding|transcript_biotype:protein_coding|gene_symbol:nduo-4,1227,409,34,102,0.0831,374,TGA,Sec (selenocysteine),0.0,0.0,1.0,0.0,0.0,0.0,0.0,0.0,0.0,0.0,0.0,0.0,1.0
MTCE.25.1|cdna|chromosome:WBcel235:MtDNA:6506:7808:1|gene:WBGene00010963.1|gene_biotype:protein_coding|transcript_biotype:protein_coding|gene_symbol:nduo-4,1227,409,156,468,0.3814,252,TGA,Sec (selenocysteine),0.0,0.0,0.0,0.0,0.0,0.0,0.0,0.0,0.0,0.0,1.0,0.0,1.0
MTCE.25.1|cdna|chromosome:WBcel235:MtDNA:6506:7808:1|gene:WBGene00010963.1|gene_biotype:protein_coding|transcript_biotype:protein_coding|gene_symbol:nduo-4,1227,409,386,1158,0.9438,22,TGA,Sec (selenocysteine),0.0,0.0,0.0,1.0,0.0,0.0,0.0,0.0,0.0,0.0,0.0,0.0,1.0
MTCE.26.1|cdna|chromosome:WBcel235:MtDNA:7827:9428:1|gene:WBGene00010964.1|gene_biotype:protein_coding|transcript_biotype:protein_coding|gene_symbol:ctc-1,1575,525,456,1368,0.8686,68,TGA,Sec (selenocysteine),0.0,0.0,0.0,1.0,0.0,0.0,0.0,0.0,0.0,0.0,0.0,0.0,1.0
MTCE.23.1|cdna|chromosome:WBcel235:MtDNA:5678:6449:1|gene:WBGene00010962.1|gene_biotype:protein_coding|transcript_biotype:protein_coding|gene_symbol:ctc-3,765,255,94,282,0.3686,160,TGA,Sec (selenocysteine),0.0,0.0,0.0,0.0,0.0,0.0,0.0,0.0,0.0,0.0,0.0,0.0,0.0
MTCE.25.1|cdna|chromosome:WBcel235:MtDNA:6506:7808:1|gene:WBGene00010963.1|gene_biotype:protein_coding|transcript_biotype:protein_coding|gene_symbol:nduo-4,1227,409,178,534,0.4352,230,TGA,Sec (selenocysteine),0.0,0.0,0.0,0.0,0.0,0.0,0.0,0.0,0.0,0.0,0.0,0.0,0.0
MTCE.26.1|cdna|chromosome:WBcel235:MtDNA:7827:9428:1|gene:WBGene00010964.1|gene_biotype:protein_coding|transcript_biotype:protein_coding|gene_symbol:ctc-1,1575,525,32,96,0.061,492,TGA,Sec (selenocysteine),0.0,0.0,0.0,0.0,0.0,0.0,0.0,0.0,0.0,0.0,0.0,0.0,0.0
